index,acc,val_acc,loss,val_loss
0,0.4122310280799866,0.33484163880348206,0.7263486981391907,0.7767966985702515
